sujeto,namespace,verbo,recurso,esperado
go-run-controller,aqs-test,get,jobs,yes
go-run-controller,aqs-test,list,jobs,yes
go-run-controller,aqs-test,watch,jobs,yes
go-run-controller,aqs-test,create,jobs,yes
go-run-controller,aqs-test,update,jobs,yes
go-run-controller,aqs-test,patch,jobs,yes
go-run-controller,aqs-test,delete,jobs,yes
go-run-controller,aqs-test,get,pods,yes
go-run-controller,aqs-test,list,pods,yes
go-run-controller,aqs-test,watch,pods,yes
go-run-controller,aqs-test,delete,pods,yes
go-run-controller,aqs-test,get,pods/log,yes
go-run-controller,aqs-test,list,pods/log,yes
go-run-controller,aqs-test,watch,pods/log,yes
go-run-controller,aqs-test,delete,pods/log,yes
go-run-controller,aqs-test,get,deployments,yes
go-run-controller,aqs-test,list,deployments,yes
go-run-controller,aqs-test,watch,deployments,yes
go-run-controller,aqs-test,create,deployments,yes
go-run-controller,aqs-test,update,deployments,yes
go-run-controller,aqs-test,patch,deployments,yes
go-run-controller,aqs-test,delete,deployments,yes
go-run-controller,aqs-test,get,statefulsets,yes
go-run-controller,aqs-test,list,statefulsets,yes
go-run-controller,aqs-test,watch,statefulsets,yes
go-run-controller,aqs-test,create,statefulsets,yes
go-run-controller,aqs-test,update,statefulsets,yes
go-run-controller,aqs-test,patch,statefulsets,yes
go-run-controller,aqs-test,delete,statefulsets,yes
go-run-controller,aqs-test,get,services,yes
go-run-controller,aqs-test,list,services,yes
go-run-controller,aqs-test,watch,services,yes
go-run-controller,aqs-test,create,services,yes
go-run-controller,aqs-test,update,services,yes
go-run-controller,aqs-test,patch,services,yes
go-run-controller,aqs-test,delete,services,yes
go-run-controller,aqs-test,get,configmaps,yes
go-run-controller,aqs-test,list,configmaps,yes
go-run-controller,aqs-test,watch,configmaps,yes
go-run-controller,aqs-test,create,configmaps,yes
go-run-controller,aqs-test,update,configmaps,yes
go-run-controller,aqs-test,patch,configmaps,yes
go-run-controller,aqs-test,delete,configmaps,yes
go-warm-manager,aqs-test,get,jobs,yes
go-warm-manager,aqs-test,list,jobs,yes
go-warm-manager,aqs-test,watch,jobs,yes
go-warm-manager,aqs-test,create,jobs,yes
go-warm-manager,aqs-test,update,jobs,yes
go-warm-manager,aqs-test,patch,jobs,yes
go-warm-manager,aqs-test,delete,jobs,yes
go-warm-manager,aqs-test,get,pods,yes
go-warm-manager,aqs-test,list,pods,yes
go-warm-manager,aqs-test,watch,pods,yes
go-warm-manager,aqs-test,delete,pods,yes
go-warm-manager,aqs-test,get,pods/log,yes
go-warm-manager,aqs-test,list,pods/log,yes
go-warm-manager,aqs-test,watch,pods/log,yes
go-warm-manager,aqs-test,delete,pods/log,yes
go-warm-manager,aqs-test,get,deployments,yes
go-warm-manager,aqs-test,list,deployments,yes
go-warm-manager,aqs-test,watch,deployments,yes
go-warm-manager,aqs-test,create,deployments,yes
go-warm-manager,aqs-test,update,deployments,yes
go-warm-manager,aqs-test,patch,deployments,yes
go-warm-manager,aqs-test,delete,deployments,yes
go-warm-manager,aqs-test,get,statefulsets,yes
go-warm-manager,aqs-test,list,statefulsets,yes
go-warm-manager,aqs-test,watch,statefulsets,yes
go-warm-manager,aqs-test,create,statefulsets,yes
go-warm-manager,aqs-test,update,statefulsets,yes
go-warm-manager,aqs-test,patch,statefulsets,yes
go-warm-manager,aqs-test,delete,statefulsets,yes
go-warm-manager,aqs-test,get,services,yes
go-warm-manager,aqs-test,list,services,yes
go-warm-manager,aqs-test,watch,services,yes
go-warm-manager,aqs-test,create,services,yes
go-warm-manager,aqs-test,update,services,yes
go-warm-manager,aqs-test,patch,services,yes
go-warm-manager,aqs-test,delete,services,yes
go-warm-manager,aqs-test,get,configmaps,yes
go-warm-manager,aqs-test,list,configmaps,yes
go-warm-manager,aqs-test,watch,configmaps,yes
go-warm-manager,aqs-test,create,configmaps,yes
go-warm-manager,aqs-test,update,configmaps,yes
go-warm-manager,aqs-test,patch,configmaps,yes
go-warm-manager,aqs-test,delete,configmaps,yes
go-reset,aqs-test,get,jobs,yes
go-reset,aqs-test,list,jobs,yes
go-reset,aqs-test,watch,jobs,yes
go-reset,aqs-test,create,jobs,yes
go-reset,aqs-test,update,jobs,yes
go-reset,aqs-test,patch,jobs,yes
go-reset,aqs-test,delete,jobs,yes
go-reset,aqs-test,get,pods,yes
go-reset,aqs-test,list,pods,yes
go-reset,aqs-test,watch,pods,yes
go-reset,aqs-test,delete,pods,yes
go-reset,aqs-test,get,pods/log,yes
go-reset,aqs-test,list,pods/log,yes
go-reset,aqs-test,watch,pods/log,yes
go-reset,aqs-test,delete,pods/log,yes
go-reset,aqs-test,get,deployments,yes
go-reset,aqs-test,list,deployments,yes
go-reset,aqs-test,watch,deployments,yes
go-reset,aqs-test,create,deployments,yes
go-reset,aqs-test,update,deployments,yes
go-reset,aqs-test,patch,deployments,yes
go-reset,aqs-test,delete,deployments,yes
go-reset,aqs-test,get,statefulsets,yes
go-reset,aqs-test,list,statefulsets,yes
go-reset,aqs-test,watch,statefulsets,yes
go-reset,aqs-test,create,statefulsets,yes
go-reset,aqs-test,update,statefulsets,yes
go-reset,aqs-test,patch,statefulsets,yes
go-reset,aqs-test,delete,statefulsets,yes
go-reset,aqs-test,get,services,yes
go-reset,aqs-test,list,services,yes
go-reset,aqs-test,watch,services,yes
go-reset,aqs-test,create,services,yes
go-reset,aqs-test,update,services,yes
go-reset,aqs-test,patch,services,yes
go-reset,aqs-test,delete,services,yes
go-reset,aqs-test,get,configmaps,yes
go-reset,aqs-test,list,configmaps,yes
go-reset,aqs-test,watch,configmaps,yes
go-reset,aqs-test,create,configmaps,yes
go-reset,aqs-test,update,configmaps,yes
go-reset,aqs-test,patch,configmaps,yes
go-reset,aqs-test,delete,configmaps,yes
go-run-controller,default,create,jobs,no
go-run-controller,aqs-system,create,jobs,no
go-run-controller,aqs-test,get,secrets,no
go-run-controller,aqs-system,get,secrets,no
go-run-controller,aqs-test,list,secrets,no
go-run-controller,aqs-system,list,secrets,no
go-run-controller,aqs-test,watch,secrets,no
go-run-controller,aqs-system,watch,secrets,no
go-run-controller,aqs-test,create,secrets,no
go-run-controller,aqs-system,create,secrets,no
go-run-controller,aqs-test,deletecollection,jobs,no
go-run-controller,aqs-test,create,pods/exec,no
go-run-controller,aqs-test,create,rolebindings,no
go-run-controller,aqs-test,escalate,roles,no
go-run-controller,aqs-test,create,pods,no
go-run-controller,aqs-test,*,*,no
go-warm-manager,default,create,jobs,no
go-warm-manager,aqs-system,create,jobs,no
go-warm-manager,aqs-test,get,secrets,no
go-warm-manager,aqs-system,get,secrets,no
go-warm-manager,aqs-test,list,secrets,no
go-warm-manager,aqs-system,list,secrets,no
go-warm-manager,aqs-test,watch,secrets,no
go-warm-manager,aqs-system,watch,secrets,no
go-warm-manager,aqs-test,create,secrets,no
go-warm-manager,aqs-system,create,secrets,no
go-warm-manager,aqs-test,deletecollection,jobs,no
go-warm-manager,aqs-test,create,pods/exec,no
go-warm-manager,aqs-test,create,rolebindings,no
go-warm-manager,aqs-test,escalate,roles,no
go-warm-manager,aqs-test,create,pods,no
go-warm-manager,aqs-test,*,*,no
go-reset,default,create,jobs,no
go-reset,aqs-system,create,jobs,no
go-reset,aqs-test,get,secrets,no
go-reset,aqs-system,get,secrets,no
go-reset,aqs-test,list,secrets,no
go-reset,aqs-system,list,secrets,no
go-reset,aqs-test,watch,secrets,no
go-reset,aqs-system,watch,secrets,no
go-reset,aqs-test,create,secrets,no
go-reset,aqs-system,create,secrets,no
go-reset,aqs-test,deletecollection,jobs,no
go-reset,aqs-test,create,pods/exec,no
go-reset,aqs-test,create,rolebindings,no
go-reset,aqs-test,escalate,roles,no
go-reset,aqs-test,create,pods,no
go-reset,aqs-test,*,*,no
aqs-runner,aqs-test,get,pods,no
aqs-runner,aqs-test,create,jobs,no
aqs-runner,aqs-test,get,secrets,no
aqs-runner,aqs-system,get,pods,no
aqs-runner,aqs-system,create,jobs,no
aqs-runner,aqs-system,get,secrets,no
aqs-runner,default,get,pods,no
aqs-runner,default,create,jobs,no
aqs-runner,default,get,secrets,no
aqs-runner,aqs-test,*,*,no
ui-api,aqs-test,get,pods,no
ui-api,aqs-test,create,jobs,no
ui-api,aqs-test,get,secrets,no
ui-api,aqs-system,get,pods,no
ui-api,aqs-system,create,jobs,no
ui-api,aqs-system,get,secrets,no
ui-api,default,get,pods,no
ui-api,default,create,jobs,no
ui-api,default,get,secrets,no
ui-api,aqs-test,*,*,no
go-intake,aqs-test,get,pods,no
go-intake,aqs-test,create,jobs,no
go-intake,aqs-test,get,secrets,no
go-intake,aqs-system,get,pods,no
go-intake,aqs-system,create,jobs,no
go-intake,aqs-system,get,secrets,no
go-intake,default,get,pods,no
go-intake,default,create,jobs,no
go-intake,default,get,secrets,no
go-intake,aqs-test,*,*,no
go-governance,aqs-test,get,pods,no
go-governance,aqs-test,create,jobs,no
go-governance,aqs-test,get,secrets,no
go-governance,aqs-system,get,pods,no
go-governance,aqs-system,create,jobs,no
go-governance,aqs-system,get,secrets,no
go-governance,default,get,pods,no
go-governance,default,create,jobs,no
go-governance,default,get,secrets,no
go-governance,aqs-test,*,*,no
go-identity,aqs-test,get,pods,no
go-identity,aqs-test,create,jobs,no
go-identity,aqs-test,get,secrets,no
go-identity,aqs-system,get,pods,no
go-identity,aqs-system,create,jobs,no
go-identity,aqs-system,get,secrets,no
go-identity,default,get,pods,no
go-identity,default,create,jobs,no
go-identity,default,get,secrets,no
go-identity,aqs-test,*,*,no
